{
    "transform": {
        "translation": {
            "x": 1.030807278874122,
            "y": 1.0433880357609362,
            "z": -2.173816563029869
        },
        "rotation": {
            "w": -0.6374644539876824,
            "x": -0.6559814045953236,
            "y": 0.29236793945594064,
            "z": -0.27901335936764754
        }
    },
    "euler_degree": {
        "RotX": 91.80981342370148,
        "RotY": -0.38349562502762397,
        "RotZ": 47.67306479985723
    },
    "calib_status": 0,
    "information": "cam_front_right_100_tf_rfu",
    "calib_time": "2025-02-14 10:18:12"
}