{
    "transform": {
        "translation": {
            "x": 2.56801585730847,
            "y": 0.6874242233126526,
            "z": 0.8357637841964558
        },
        "rotation": {
            "w": -0.30239732297116106,
            "x": -0.30167498666704545,
            "y": 0.6406023693576383,
            "z": -0.6381039616337553
        }
    },
    "euler_degree": {
        "RotX": 90.15804387135827,
        "RotY": -0.13939308399474268,
        "RotZ": 129.42725309262528
    },
    "calib_status": 0,
    "information": "cam_back_right_100_tf_rfu",
    "calib_time": "2025-02-14 10:18:12"
}