{
    "resolution": [
        1920,
        1280
    ],
    "distortion_model": "fisheye",
    "K": [
        [
            1051.156982421875,
            0.0,
            968.1787719726562
        ],
        [
            0.0,
            1047.34423828125,
            641.0269775390625
        ],
        [
            0.0,
            0.0,
            1.0
        ]
    ],
    "D": [
        [
            -0.014312628656625748
        ],
        [
            -0.0053857178427278996
        ],
        [
            0.007208068855106831
        ],
        [
            0.0010699416743591428
        ]
    ]
}