{
    "transform": {
        "translation": {
            "x": -0.011621721413465359,
            "y": 1.2469497928536661,
            "z": -2.056445191555798
        },
        "rotation": {
            "w": 0.7199905448710721,
            "x": 0.6939716738818426,
            "y": 0.00162404445607911,
            "z": -0.00378069113987845
        }
    },
    "euler_degree": {
        "RotX": 87.89095285154342,
        "RotY": -0.16666173983833335,
        "RotZ": -0.44108090676486156
    },
    "calib_status": 0,
    "information": "cam_front_120_tf_rfu",
    "calib_time": "2025-02-14 10:18:12"
}