{
    "resolution": [
        3840,
        2160
    ],
    "distortion_model": "pinhole",
    "K": [
        [
            7254.501953125,
            0.0,
            1920.8021240234375
        ],
        [
            0.0,
            7351.63037109375,
            1080.30078125
        ],
        [
            0.0,
            0.0,
            1.0
        ]
    ],
    "D": [
        [
            0.1299564242362976
        ],
        [
            -1.1092219352722168
        ],
        [
            0.0
        ],
        [
            0.0
        ],
        [
            0.0
        ]
    ]
}