{
    "transform": {
        "translation": {
            "x": 0.01613779469444079,
            "y": 1.896519467226048,
            "z": -3.3857225476143733
        },
        "rotation": {
            "w": -0.5687855754598153,
            "x": -0.8224745954991834,
            "y": 0.004217350337839765,
            "z": 0.0008502137551132349
        }
    },
    "euler_degree": {
        "RotX": 110.66915835912769,
        "RotY": -0.3550123464282549,
        "RotZ": 0.34207290340203306
    },
    "calib_status": 0,
    "information": "cam_front_200_tf_rfu",
    "calib_time": "2025-02-14 10:18:12"
}