{
    "transform": {
        "translation": {
            "x": -2.5589538095175217,
            "y": 0.6603205244788194,
            "z": 0.8503331081458952
        },
        "rotation": {
            "w": 0.30645291638192446,
            "x": 0.2922066848912243,
            "y": 0.6409452207746278,
            "z": -0.6402273715736138
        }
    },
    "euler_degree": {
        "RotX": 89.56395873650258,
        "RotY": 1.0704393860535544,
        "RotZ": -129.9049337706714
    },
    "calib_status": 0,
    "information": "cam_back_left_100_tf_rfu",
    "calib_time": "2025-02-14 10:18:12"
}