{
    "transform": {
        "translation": {
            "x": -0.00268130141913834,
            "y": 0.8924884504291885,
            "z": -0.7914774072714472
        },
        "rotation": {
            "w": 0.0026287344366226393,
            "x": -0.0017059960538788283,
            "y": 0.8460948148238626,
            "z": -0.5330232111839963
        }
    },
    "euler_degree": {
        "RotX": 115.57976129157433,
        "RotY": 0.3590743097751414,
        "RotZ": 179.99515749957524
    },
    "calib_status": 0,
    "information": "cam_back_200_tf_rfu",
    "calib_time": "2025-02-14 10:18:12"
}