{
    "resolution": [
        1920,
        1536
    ],
    "distortion_model": "fisheye",
    "K": [
        [
            450.29937744140625,
            0.0,
            963.2863159179688
        ],
        [
            0.0,
            449.8812255859375,
            768.4613037109375
        ],
        [
            0.0,
            0.0,
            1.0
        ]
    ],
    "D": [
        [
            0.1363241970539093
        ],
        [
            -0.06164469197392464
        ],
        [
            0.017859596759080887
        ],
        [
            -0.0019862207118421793
        ]
    ]
}