{
    "resolution": [
        3840,
        2160
    ],
    "distortion_model": "fisheye",
    "K": [
        [
            3143.431884765625,
            0.0,
            1912.3519287109375
        ],
        [
            0.0,
            3132.607177734375,
            1090.063232421875
        ],
        [
            0.0,
            0.0,
            1.0
        ]
    ],
    "D": [
        [
            0.06051550433039665
        ],
        [
            -0.406969279050827
        ],
        [
            0.9668534398078918
        ],
        [
            -0.6930633187294006
        ]
    ]
}