{
    "transform": {
        "translation": {
            "x": -0.0356993075862593,
            "y": 1.219578274361563,
            "z": -2.0510333513826726
        },
        "rotation": {
            "w": -0.7213157180983821,
            "x": -0.6925907043363743,
            "y": 0.0015390719494504657,
            "z": 0.004402538880501054
        }
    },
    "euler_degree": {
        "RotX": 87.67126466840135,
        "RotY": -0.4766277953614535,
        "RotZ": -0.24175987157154064
    },
    "calib_status": 0,
    "information": "cam_front_30_tf_rfu",
    "calib_time": "2025-02-14 10:18:12"
}