{
    "resolution": [
        1920,
        1536
    ],
    "distortion_model": "fisheye",
    "K": [
        [
            449.1197509765625,
            0.0,
            957.0263671875
        ],
        [
            0.0,
            448.5115966796875,
            773.5393676757812
        ],
        [
            0.0,
            0.0,
            1.0
        ]
    ],
    "D": [
        [
            0.1418764591217041
        ],
        [
            -0.06526500731706619
        ],
        [
            0.019606299698352814
        ],
        [
            -0.0023288477677851915
        ]
    ]
}