{
    "resolution": [
        1920,
        1280
    ],
    "distortion_model": "fisheye",
    "K": [
        [
            1056.153564453125,
            0.0,
            959.3936767578125
        ],
        [
            0.0,
            1051.912109375,
            645.862548828125
        ],
        [
            0.0,
            0.0,
            1.0
        ]
    ],
    "D": [
        [
            -0.012327732518315315
        ],
        [
            -0.007823752239346504
        ],
        [
            0.0003233412280678749
        ],
        [
            0.008784396573901176
        ]
    ]
}