{
    "resolution": [
        1920,
        1280
    ],
    "distortion_model": "fisheye",
    "K": [
        [
            1054.2271728515625,
            0.0,
            956.033447265625
        ],
        [
            0.0,
            1049.8983154296875,
            640.7369995117188
        ],
        [
            0.0,
            0.0,
            1.0
        ]
    ],
    "D": [
        [
            -0.013561569154262543
        ],
        [
            -0.009665163233876228
        ],
        [
            0.011655256152153015
        ],
        [
            -0.00023219644208438694
        ]
    ]
}