{
    "resolution": [
        1920,
        1280
    ],
    "distortion_model": "fisheye",
    "K": [
        [
            1053.7620849609375,
            0.0,
            965.9097290039062
        ],
        [
            0.0,
            1050.116455078125,
            645.7424926757812
        ],
        [
            0.0,
            0.0,
            1.0
        ]
    ],
    "D": [
        [
            -0.01235536765307188
        ],
        [
            -0.008952719159424305
        ],
        [
            0.008052649907767773
        ],
        [
            0.0029450636357069016
        ]
    ]
}