{
    "transform": {
        "translation": {
            "x": -0.0031807825070326737,
            "y": 0.9117900957411313,
            "z": -1.0238208852978128
        },
        "rotation": {
            "w": -4.6398549630780734e-05,
            "x": -0.004342007460382573,
            "y": 0.7113458457290823,
            "z": -0.7028287363094686
        }
    },
    "euler_degree": {
        "RotX": 90.69121819528618,
        "RotY": 0.34591760031263963,
        "RotZ": 179.64231890355458
    },
    "calib_status": 0,
    "information": "cam_back_70_tf_rfu",
    "calib_time": "2025-02-14 10:18:12"
}