{
    "transform": {
        "translation": {
            "x": 2.0821471689124373,
            "y": 1.421458758185614,
            "z": -0.2378345645269409
        },
        "rotation": {
            "w": -0.31248436685212666,
            "x": -0.6400472745688959,
            "y": 0.6347920295689605,
            "z": -0.29955314384208004
        }
    },
    "euler_degree": {
        "RotX": 128.70405743935578,
        "RotY": -0.7602704551227214,
        "RotZ": 89.16257771549517
    },
    "calib_status": 0,
    "information": "cam_right_200_tf_rfu",
    "calib_time": "2025-02-14 10:18:12"
}