{
    "resolution": [
        1920,
        1536
    ],
    "distortion_model": "fisheye",
    "K": [
        [
            452.20550537109375,
            0.0,
            963.2920532226562
        ],
        [
            0.0,
            451.16796875,
            771.4657592773438
        ],
        [
            0.0,
            0.0,
            1.0
        ]
    ],
    "D": [
        [
            0.11454759538173676
        ],
        [
            -0.028086481615900993
        ],
        [
            -0.0012435392709448934
        ],
        [
            0.001643606461584568
        ]
    ]
}