{
    "resolution": [
        1920,
        1536
    ],
    "distortion_model": "fisheye",
    "K": [
        [
            445.7908935546875,
            0.0,
            964.0607299804688
        ],
        [
            0.0,
            444.6224365234375,
            771.2965087890625
        ],
        [
            0.0,
            0.0,
            1.0
        ]
    ],
    "D": [
        [
            0.15677012503147125
        ],
        [
            -0.08320954442024231
        ],
        [
            0.028138821944594383
        ],
        [
            -0.0038736111018806696
        ]
    ]
}