{
    "transform": {
        "translation": {
            "x": -1.0569415065877779,
            "y": 1.0548273339236072,
            "z": -2.1650840681894006
        },
        "rotation": {
            "w": 0.6334516409307371,
            "x": 0.6532638380728002,
            "y": 0.29048409046012147,
            "z": -0.2959803535002055
        }
    },
    "euler_degree": {
        "RotX": 91.27626538845206,
        "RotY": -1.0709931740128207,
        "RotZ": -48.99355932550199
    },
    "calib_status": 0,
    "information": "cam_front_left_100_tf_rfu",
    "calib_time": "2025-02-14 10:18:12"
}