{
    "transform": {
        "translation": {
            "x": -2.10905312386396,
            "y": 1.374332975107101,
            "z": -0.2964358137496797
        },
        "rotation": {
            "w": 0.32821520441367474,
            "x": 0.6292135255100696,
            "y": 0.6355686486657519,
            "z": -0.3040026508767126
        }
    },
    "euler_degree": {
        "RotX": 126.87523418193872,
        "RotY": 1.9852040594501101,
        "RotZ": -89.58321855409477
    },
    "calib_status": 0,
    "information": "cam_left_200_tf_rfu",
    "calib_time": "2025-02-14 10:18:12"
}