{
    "resolution": [
        3840,
        2160
    ],
    "distortion_model": "fisheye",
    "K": [
        [
            1908.944091796875,
            0.0,
            1919.593017578125
        ],
        [
            0.0,
            1915.40966796875,
            1093.35791015625
        ],
        [
            0.0,
            0.0,
            1.0
        ]
    ],
    "D": [
        [
            -0.030011894181370735
        ],
        [
            -0.005586967803537846
        ],
        [
            -4.725375765701756e-05
        ],
        [
            0.0005568029009737074
        ]
    ]
}