{
    "0": [
        3.6112714464301434,
        -0.20176310449765822,
        0.25866750575022235
    ],
    "1": [
        3.6087258781568394,
        0.18764614989904338,
        0.26961979648642864
    ],
    "10": [
        0.005535382435347458,
        0.8854754127794613,
        -0.017109294137605202
    ],
    "11": [
        -0.5656197656059323,
        0.8654868586018591,
        0.1738865603271571
    ],
    "11-0": [
        -0.563769146013315,
        0.865695375562721,
        0.18191972457298533
    ],
    "11-1": [
        -0.5726708613437008,
        0.8646554154666091,
        0.17578148808558458
    ],
    "11-2": [
        -0.5648439569118962,
        0.8668804980346785,
        0.16894127064893283
    ],
    "11-3": [
        -0.5603016127154978,
        0.8689051736545479,
        0.17406648262852453
    ],
    "12": [
        1.0597164581460508,
        0.6090803256514561,
        1.2418323309685497
    ],
    "13": [
        3.1644231681334105,
        -0.8978200302177193,
        0.1608187165716659
    ],
    "13-0": [
        3.1649215503266186,
        -0.8970663740464477,
        0.16683399857378367
    ],
    "13-1": [
        3.1692616902890522,
        -0.894566080215041,
        0.16084136010119798
    ],
    "13-2": [
        3.1629630890249087,
        -0.895914947989203,
        0.15488248622745648
    ],
    "13-3": [
        3.158129786422267,
        -0.8970606057825457,
        0.1599150456331513
    ],
    "14": [
        2.6966746975122495,
        -0.8826875738207489,
        -0.01710929413760609
    ],
    "15": [
        -0.00553538243534657,
        -0.8854754127794617,
        0.01710929413760498
    ],
    "16": [
        -0.5744772661134441,
        -0.8678877877378852,
        0.2206401479220219
    ],
    "16-0": [
        -0.5652935741034231,
        -0.8745151351630804,
        0.22636186682203974
    ],
    "16-1": [
        -0.5594862604029291,
        -0.8760534826076967,
        0.2222498606542822
    ],
    "16-2": [
        -0.5599723284135765,
        -0.8768324056171375,
        0.21723418354800916
    ],
    "16-3": [
        -0.5735032550155905,
        -0.8705717929758414,
        0.22156070115995874
    ],
    "18": [
        -0.8683627024578797,
        0.6719269141905224,
        0.1276560281461676
    ],
    "18-0": [
        -0.8699026133248573,
        0.6733670733324577,
        0.13469553211787377
    ],
    "18-1": [
        -0.8736917380678362,
        0.668472932093612,
        0.12847541031710707
    ],
    "18-2": [
        -0.8682974061407513,
        0.6721409164558483,
        0.12166020131232691
    ],
    "18-3": [
        -0.8657245676501333,
        0.677756508591778,
        0.1278928273290294
    ],
    "19": [
        -0.9344775162180943,
        0.24969788902210688,
        0.14388814774843484
    ],
    "19-0": [
        -0.939418840264187,
        0.2523340233008957,
        0.1509332959183256
    ],
    "19-1": [
        -0.9400431146864952,
        0.24724795152381684,
        0.14374009389668996
    ],
    "19-2": [
        -0.9395356932078958,
        0.25373040538594616,
        0.13897351070026698
    ],
    "19-3": [
        -0.934024508337103,
        0.25600200766313197,
        0.14411808691354544
    ],
    "2": [
        3.6113903732548738,
        0.18631755357377777,
        0.19156766456373853
    ],
    "20": [
        -0.9418212833669575,
        -0.21845207850442705,
        0.12910041672004402
    ],
    "20-0": [
        -0.9448249260642596,
        -0.21532209091100896,
        0.13618429335730853
    ],
    "20-1": [
        -0.9471712606143834,
        -0.21778562372642618,
        0.13006663692316134
    ],
    "20-2": [
        -0.9432197188801563,
        -0.2165482477876175,
        0.12314896255176166
    ],
    "20-3": [
        -0.9464917487928934,
        -0.20832944576489076,
        0.1304115456708277
    ],
    "21": [
        -0.8714234928433138,
        -0.6367565087736304,
        0.08191403408112063
    ],
    "21-0": [
        -0.8722101842568719,
        -0.6381858152506696,
        0.08785862823165136
    ],
    "21-1": [
        -0.8708967773303913,
        -0.6427780337131166,
        0.0807041546773899
    ],
    "21-2": [
        -0.8745121641273341,
        -0.6363149089258506,
        0.07589198299584177
    ],
    "21-3": [
        -0.8833916757834137,
        -0.6223051706515905,
        0.08330018832751906
    ],
    "22": [
        -0.5624800195568396,
        0.014089152279328943,
        0.3386685000641405
    ],
    "3": [
        3.6089402119167646,
        -0.20229338461542135,
        0.1775485551366922
    ],
    "4": [
        3.4049878735740173,
        -0.6751160861749721,
        0.17648957500632823
    ],
    "4-0": [
        3.4054985699497875,
        -0.6743876968418707,
        0.18350446190429048
    ],
    "4-1": [
        3.408877012996929,
        -0.6692286646106771,
        0.1775908750896127
    ],
    "4-2": [
        3.404913988478647,
        -0.6749644851459484,
        0.17049194563126013
    ],
    "4-3": [
        3.401535545431505,
        -0.680123517377142,
        0.1764055324459377
    ],
    "5": [
        3.5595127595241807,
        -0.2929864541638647,
        0.2602750389075621
    ],
    "5-0": [
        3.568647005142897,
        -0.31400261770499593,
        0.26863484913204627
    ],
    "5-1": [
        3.5695030939681343,
        -0.31432566235191306,
        0.2646145563467628
    ],
    "5-2": [
        3.5686488802194583,
        -0.31824446896183733,
        0.2595240481574377
    ],
    "5-3": [
        3.5610116562569276,
        -0.299209188163732,
        0.2600992829646971
    ],
    "6": [
        3.575756099656477,
        0.31334759959560454,
        0.2882246144059877
    ],
    "6-0": [
        3.576112431979425,
        0.32331723947469015,
        0.2905654065703984
    ],
    "6-1": [
        3.574444019452695,
        0.3022870689175887,
        0.2868306607986131
    ],
    "6-2": [
        3.5749041955340246,
        0.313554600344383,
        0.28021016432777546
    ],
    "6-3": [
        3.5747147700337294,
        0.31099217766383713,
        0.2971334650692403
    ],
    "7": [
        3.4081457154018433,
        0.6604212197487191,
        0.21368830591257293
    ],
    "7-0": [
        3.401794627537671,
        0.6660478112107282,
        0.21376007959306742
    ],
    "7-1": [
        3.413438288621986,
        0.655732393530378,
        0.21362849451216093
    ],
    "7-2": [
        3.4069045805931335,
        0.6610253808436704,
        0.22369303348297476
    ],
    "7-3": [
        3.409271549771317,
        0.660714625223016,
        0.20671360805530603
    ],
    "8": [
        3.1702194806998643,
        0.8785051801480259,
        0.18359689422929537
    ],
    "8-0": [
        3.1631124501408205,
        0.8800812977843875,
        0.18351962955967704
    ],
    "8-1": [
        3.1792802593939395,
        0.8780798358807909,
        0.18274755818783373
    ],
    "8-2": [
        3.1681378984495563,
        0.8771208838747993,
        0.19151843064359841
    ],
    "8-3": [
        3.1714423534921057,
        0.8778676586382033,
        0.1745914431879254
    ],
    "9": [
        2.7044068718120453,
        0.8826875738207476,
        0.01710929413760609
    ]
}