{
    "transform": {
        "translation": {
            "x": 0.0001696952811495009,
            "y": 1.7888496127070357,
            "z": 1.3796412273047467
        },
        "rotation": {
            "w": -0.708730301787671,
            "x": -0.005361094863499961,
            "y": 8.929960200254605e-05,
            "z": -0.7054591483675028
        }
    },
    "euler_degree": {
        "RotX": 0.4426343018998086,
        "RotY": 0.4261405875806873,
        "RotZ": 89.73329101598976
    },
    "calib_status": 0,
    "information": "rfu_tf_front_2_lidar",
    "calib_time": "2025-02-14 10:18:13"
}