{
    "transform": {
        "translation": {
            "x": 0.008421563302674646,
            "y": 1.6980002666850569,
            "z": 1.5932780780560543
        },
        "rotation": {
            "w": -0.4947579609298899,
            "x": 0.5039198520349868,
            "y": 0.5052821715226085,
            "z": 0.4959528908706268
        }
    },
    "euler_degree": {
        "RotX": -91.05949421287038,
        "RotY": -0.008236291107667845,
        "RotZ": -90.14660038016575
    },
    "calib_status": 0,
    "information": "rfu_tf_front_lidar",
    "calib_time": "2025-02-14 10:18:13"
}