{
    "transform": {
        "translation": {
            "x": 0.0,
            "y": 0.0,
            "z": -0.33000001311302185
        },
        "rotation": {
            "w": -0.7071067811865474,
            "x": -0.0,
            "y": -0.0,
            "z": 0.7071067811865477
        }
    },
    "euler_degree": {
        "RotX": 0.0,
        "RotY": 0.0,
        "RotZ": -90.00000000000003
    },
    "calib_status": 0,
    "information": "ego_tf_rfu",
    "calib_time": "2025-02-14 10:18:13"
}