{
    "transform": {
        "translation": {
            "x": -0.01313405729417161,
            "y": 0.0011121175634888178,
            "z": -0.601822345899556
        },
        "rotation": {
            "w": -0.7076789689927037,
            "x": 0.0006796827452057951,
            "y": 0.0013152421005082626,
            "z": 0.706532578877299
        }
    },
    "euler_degree": {
        "RotX": -0.1616040144195883,
        "RotY": -0.05162936963785716,
        "RotZ": -89.90718317397074
    },
    "calib_status": 0,
    "information": "ins_tf_rfu",
    "calib_time": "2025-02-14 10:18:13"
}