{
    "transform": {
        "translation": {
            "x": 0.006547448513672029,
            "y": 1.047938107427963,
            "z": 2.0118733568163236
        },
        "rotation": {
            "w": 0.7033595987877823,
            "x": -0.0007473260793974496,
            "y": 0.0008971432338350516,
            "z": 0.7108332514949195
        }
    },
    "euler_degree": {
        "RotX": -0.13331115459554724,
        "RotY": 0.011435107791974417,
        "RotZ": 90.60559426941919
    },
    "calib_status": 0,
    "information": "rfu_tf_middle_lidar",
    "calib_time": "2025-02-14 10:18:13"
}