{
    "transform": {
        "translation": {
            "x": 0.013671780956272573,
            "y": -0.0028317157119737194,
            "z": 0.2718047352519578
        },
        "rotation": {
            "w": 0.9999985755312026,
            "x": 0.001410624886361899,
            "y": 0.0004494083299807494,
            "z": -0.000810620224487959
        }
    },
    "euler_degree": {
        "RotX": 0.16168750224634543,
        "RotY": 0.051367301231792006,
        "RotZ": -0.09296282549302086
    },
    "calib_status": 0,
    "information": "ego_tf_ins",
    "calib_time": "2025-02-14 10:18:13"
}